company_name,credit_card
Eazzy,3575241184504396
Buzzster,3562194622972649
Vipe,633110375183124933
Rhynoodle,5602222438444615
Thoughtblab,3553530537395460
Fliptune,490585388518050740
Demizz,6331102568073737245
Voonyx,201722655439467
Livetube,30457587660784
Divanoodle,3582391234667692
Kimia,4017957284717547
Devshare,201643104953595
Zooxo,3581738398394235
Riffwire,560222054944465790
Shufflester,3589415457061417
Divavu,3579685261645736
Npath,6381693259767240
Lazzy,5038025658693659089
Jatri,4913098656031301
Wikizz,5278788826325007
Realbuzz,30353436818196
Skipfire,5602211451841864
Rooxo,3580059907222549
Dynava,4844672546505791
Quinu,67623976062212995
Linktype,5602216991943351
Topicblab,5010128434090508
Quire,67634078288462202
Babbleblab,3535836446335213
Rhynoodle,5018816958096873039
Innotype,6709100060217832
Divavu,6706536444412458761
Babbleblab,3533209072819748
Voonix,3556343455043980
Rooxo,3531769236947786
Bubblemix,374622490844387
Gigazoom,30370364429531
Rhyloo,6304573731825934471
Skiba,3534262719072493
Dazzlesphere,67618840593463575
Wordify,3542114112024763
Flipbug,3553224694578734
Jaxspan,3577709948805174
Trilia,3580256109370767
Cogilith,3546834623901359
Realblab,3533622479359482
Plajo,3565355228510227
Livepath,3549753873174953
Katz,5602215559682106632
Camido,4936546734598330
Photobug,6331102554052408
Bubblemix,3529665427105776
Topicstorm,5602249091438675
Rhynoodle,670694556655542936
Katz,3573086195315965
Devbug,3587086085365611
Omba,3575856086154477
Twitterbridge,676381183666665559
Zoonoodle,3555131122900182
Centidel,5602255751586521
Tavu,3572153763910014
Linkbuzz,30206219321715
Pixoboo,3583854495321563
Flashspan,3544271922208966
Livetube,3555470986970372
Ntag,3573614970098694
Vipe,3558406664369500
Yakijo,3577230431418581
Pixope,374283540663846
Vipe,5100137551595950
Kayveo,30020739926634
Layo,201735851332294
Lazzy,630468628777923001
Babblestorm,201944561923356
Trilia,630415698636074258
Buzzbean,5100141441024866
Snaptags,3582250627138606
Browsecat,3577039431231583
Tagtune,5641824397595843202
Npath,3549467604264237
Dabvine,30318778576587
Zoomdog,5602241154250519
Edgeclub,374288604244789
Topicware,3569721618179970
Lajo,5121934203102739
Zoomcast,3560849946218472
Voonix,337941709253438
Dabtype,3537464746869472
Demizz,675908574628086080
Flashpoint,374283035446541
Meemm,3556121845406186
Thoughtbridge,3580824239844454
Avavee,3576003920368695
Divanoodle,201927693933666
Shufflester,561099241460957577
Voomm,560222242858046033
Lazz,5602241979513709842
InnoZ,502083194077934632
Eamia,3543092386766492
Voonte,3577933084682706
Trupe,0604026715138074689
Topiczoom,5610371653805933
Eamia,4903058186907216
Blogpad,6762795589892888413
Minyx,3581139181859445
Tagchat,3564810727554846
Quimba,63046442164388868
Eayo,3530818050096054
Abatz,5602211972582245
Eayo,6759968069200305118
Viva,560224860844856260
Meezzy,3556614956555981
DabZ,201929510688085
Skyvu,6304980859552955
Quinu,3569407410673234
Yambee,6761343965243702
InnoZ,5002352404130686
Skimia,30280181695885
Blogtag,3577677611705148
Divanoodle,4936941486052117466
Eayo,4508855006742460
Wordware,633110866096978670
Skyvu,5100172126538730
Skyba,3540968818871641
Zoombox,3570268712025045
Flashdog,6771634310661197522
Skimia,3533462802989162
Jetwire,3549950370470948
Nlounge,5602221734440558
Feedbug,3535055479758387
Brainsphere,5602212384755387
Dabtype,4917441125612887
Avamba,5100141244955209
Flipstorm,56022213935356290
Feedspan,3545042180634485
Yambee,337941901435338
Jabbercube,3574890670540990
Oyonder,5372568717619576
Gabcube,5589943145753199
Chatterpoint,491193995794919513
Roodel,3544485748792520
Tagcat,201848191485712
Demimbu,6390108755918527
JumpXS,374622569250268
Rhybox,3570091590610260
Babbleopia,3586235801864503
Tekfly,3551317789889156
Twimbo,670998139408042638
Zoomcast,3561990915477068
Ailane,5340466964129135
Thoughtworks,4373289212653463
Fivebridge,3571939991378680
Jetwire,30578500231054
Thoughtblab,6387976156300221
Linkbuzz,3561136541460058
Cogibox,3534198488213803
Edgeclub,3578968443864982
Oyope,3585879204024990
Wikido,3587274479525434
Brainsphere,4913729583165826
Mynte,3528623370537629
Yambee,3583686658548271
Digitube,6388378730954897
Blogspan,3574449403195711
Oyoba,3562381789599410
Centimia,3566192857259365
Yodel,5893072886423637303
Eare,3529496973345370
Myworks,560222735055466862
Skaboo,3552313320682274
Dazzlesphere,341008803630491
Ntags,5007667955356009
Meevee,67618729144006506
Bubblemix,5038308912337963
Meejo,5475841045808211
Jabberstorm,201986659608639
Dabvine,3558948721154284
Voolith,30073914859617
Meevee,340869337150707
Dablist,5428762828835148
Mycat,4041375352911
Divavu,3529792117082618
Gabtune,3566921646643624
Zoovu,337941806286158
Ntag,3588479833787229
Roodel,30250698783714
Feednation,3545208474668113
Buzzdog,490329019670268389
Topiczoom,201440887861875
Edgepulse,4405299916935498
Skyndu,201693257311182
Browsetype,5002350739456974
Eamia,3564320790438562
Browsezoom,5610042715626951
Yodoo,30135333485157
Jaloo,5602222114278394
Quatz,3547252983658627
Tazz,3545206432551850
Kayveo,3589371020159974
Photobug,3558158859031201
Voolith,372829822098077
Avavee,6761547863705246686
Tagfeed,3537592792797260
Oyoba,30118835130877
Mynte,5100137555491743
Wordtune,5574932131332545
Thoughtsphere,5602241342263978
Browsecat,4917109962677079
Zoomcast,67639061655840296
Skyvu,5493809921748940
Babbleopia,201932017923153
Rhyzio,3567308186579831
Oyope,30114496803738
Camido,3553231554317624
Eadel,6767138627311355385
Yombu,4175001558859780
Reallinks,5007664866407732
Feedfish,4911761377684607
InnoZ,3581137826586506
Blogspan,6376930672177376
Blogpad,4911378940924413482
Eidel,3589708549655455
Oba,5405001774796880
Youopia,337941873318074
Edgewire,3565187062975723
Realfire,201810689487014
Kanoodle,3571666750742927
Twitterwire,5010121066675944
Abata,5602249437217809
Meevee,374288817328973
Katz,3582989456168701
Rhybox,633110020371365829
Gigaclub,3542448090408972
Photospace,4026672457282661
Yakitri,6763972130041670
Edgeblab,3558495520701576
Zazio,3533519420049172
Ntags,3544426788211963
Shuffledrive,4189924059931
Quinu,3589089162278556
Brainbox,3580043119289322
Skippad,3584403831063445
Flipstorm,5100170189479008
Janyx,201857954272738
Tagpad,5020644786605635878
Aimbo,337941217543403
Zava,201611347620859
Kare,3562840765185387
Divavu,5191004428874176
Divape,3569075979522017
Brainlounge,345877780243270
Fanoodle,5100175747412714
Livetube,30437654107554
Trunyx,3562712964062024
Quatz,630471314851038033
Agivu,3565403960568100
Vitz,5100145890186571
Topicshots,3576161506498375
Pixonyx,3588676789593705
Babbleblab,3577060042546169
Linkbuzz,3547874191374463
Jayo,3586875188779616
Dynazzy,3555070165938883
Podcat,4844148948381776
Janyx,3528123864069478
Eare,5602219438274372
Twitterlist,3571550284572598
Gigazoom,36658609764496
Oyonder,3549333001721379
Brainlounge,633318502690410535
Jetwire,3570377046058968
Gabtune,4844165889843655
Mudo,4041374936748
Dabvine,5108753253667053
Flipstorm,5602215235781650
Dynabox,3538362578614256
Eidel,6771095909824528614
Voomm,3584001576292946
Tavu,3577953898483232
Blogtags,5417622955740557
Jabberbean,3576638401086223
Zoomlounge,670655933812147767
Avamm,0604165671346287
Quatz,630409913293013590
Kayveo,3533898089467838
Bubblemix,3528160289143009
Jaxbean,3558719225547723
Dabshots,5602249200728933
Gabspot,6331106443446988287
Midel,3530311918403050
Jabberstorm,5602257487563600
Twimm,3569890162967757
Aibox,201423455616277
Buzzshare,3533661640003413
Meejo,201834990806761
Zoomdog,3552829476509052
Kayveo,3557277045606766
Oyoloo,5108759255132640
Quaxo,5285044648139288
Zoombox,3564169331086442
Roombo,6379768211568078
Trudeo,3555583813684121
Yoveo,5007661539887894
Chatterpoint,3562576232969165
Divanoodle,675972964425529401
Fatz,3545531010188126
Tagtune,6767395139842040989
Skyvu,5100132048707995
Meevee,3581922089403477
Tagfeed,5138343926792241
Npath,5544461706235310
Yadel,5010120297798897
Zoonoodle,5262010859964562
Izio,5471152434875603
Tavu,3571061956193630
Skipfire,3561656485295830
Voonte,201971233054005
Dynava,3589074237373640
Innotype,3566104409614013
Mydeo,5119666636953320
Fanoodle,374622814249263
Avavee,3589710922061210
Ainyx,3577125974841399
Wordtune,3554709501627038
Tazzy,5893677317454266
Wordtune,6706313152329100801
Centizu,3562438588006953
Wordware,5602219832596206
Youspan,3533639209359293
Dynabox,3581801118003674
Zoozzy,4917416060482777
Yombu,3548362469737156
Livefish,3569553098869030
Kimia,3579453086665714
Mynte,5602232266283894
Browsetype,3559278487242894
Fadeo,3528637187796707
Skynoodle,5007664048284850
Oyoyo,5610108673643260
Tagopia,6331102147245014
Wikibox,5602241724524761832
Eidel,6392656513321150
Aimbo,3540928661285927
Vidoo,201944279846469
Skimia,30115399131374
JumpXS,4905811269575912767
Lazzy,3563139591055644
Vitz,5602259349715360
Yakitri,4041596364968
Flipbug,3550396197737331
Ooba,372301179884830
Jabberbean,3541886007614227
Meemm,67599568907653820
Kwinu,3540297420077250
Centizu,5100174908629877
Oba,3557057194521960
Snaptags,374283596898395
Skipfire,4913585329129504
Jaloo,36808563452774
Twitterbridge,3560232383986820
Fivechat,5010120652476600
Aivee,30528345808673
Dynabox,5893639377032792586
Jayo,3589047934007737
Wikibox,30028788226186
Skyvu,67624218478460838
Devpulse,4405181019303099
Rhycero,676280760936017950
Fivebridge,5100149081775820
Fivespan,201665532411763
Jabberbean,5504149213910362
Riffwire,4903585660831720110
Tagfeed,3539801512461588
Riffpedia,560222263210974480
Avamba,3536423363767808
Kaymbo,3554991363549480
Lazzy,50389577613456378
Aibox,3540729653602768
Tagfeed,490323583481493599
Feedfire,6399463369289240
Midel,3529890479442782
Fivebridge,30514066377395
Kaymbo,5429461374157465
Bubbletube,3574497581863816
Eimbee,560225450928881225
Yadel,3529859883901451
JumpXS,6399175480600036
Meetz,5641825695475099
Mymm,5048374588575326
Aivee,3540344035537292
Gigashots,5543611676897827
Twimbo,201736371932233
Flashspan,3547140400031058
Topicstorm,5602247910150414
Browseblab,67717799496548751
Jayo,560223658918465419
Teklist,675999734443254384
Topicware,3580650835824800
Ainyx,5451087355235748
Oyondu,3577566104370504
Meejo,675905630968713015
Bubbletube,4405977172754949
Devpulse,5018257367363723
Rhyloo,3550063016101202
Jabberbean,3539246655216763
Jabbersphere,67066561955010237
Wikido,6304895681933886
Skinix,3578947804307617
Twiyo,3564258671700660
Linkbuzz,0604685320431669
Midel,3562675608466093
Skidoo,670950563207473411
Zoonder,5211225037480503
Quamba,3570887192878001
Wordpedia,502078643384641808
Tanoodle,3559623260753312
Meembee,5100139963764992
Yakijo,30322824312419
Plajo,5602240960147760
Vinte,67591263349236669
Podcat,5502594664850504
Dabtype,4041594134798862
Photolist,5602248762447205
Topicblab,5002350731507444
Voolith,3571052525571372
Lajo,337941437318875
Divape,3531049521619865
Linklinks,3574599299281676
Trunyx,30503093581483
Eamia,6399083880739497
Muxo,3540335607310803
Rhynoodle,3539098733148975
Fadeo,30314425586483
Blogtags,30539508973444
Roomm,560223223015827605
Brightdog,3587154804760643
Skivee,374283707244158
Zoombeat,4903631150094293009
Gigazoom,6304875945979313
Thoughtblab,3537934276976038
Buzzdog,5602235848823749
Aimbo,3567710734254637
Jabbersphere,6393676571071264
Bluejam,3554541271273408
Pixoboo,3531807433286747
Voonix,3528494022419032
Tagchat,372301760786899
Minyx,30443530628805
Jamia,5002352512028467
Yamia,5245862878676920
Kayveo,3531406423811968
Thoughtworks,3553985653366275
Feedbug,201590296389528
Meemm,344731376123167
Realpoint,5108757525038068
Thoughtblab,4026417180314799
Fadeo,3553912643388706
Avaveo,6381304277441822
Eire,4917864358335282
Topicshots,3535508067018549
Izio,50186114297737348
Kwideo,201710117043340
Chatterbridge,3541217687210666
Innotype,3581720951893431
Jaxworks,4917155457819890
Demivee,3547545729420396
Youspan,6372854403500868
Lazzy,5602217804774959
Meevee,4869948210251
Jabberstorm,3557716540167279
Leenti,4017959437692288
Bubbletube,5002356832308764
Oyoba,201460708612893
Aivee,3578511995851054
Brightbean,3558561971960993
Buzzdog,5100145729607201
Flashdog,5002354231454628
Zooxo,5516050952936830
Yabox,340842594157343
Skyba,3536683303146351
Eidel,3531577894588952
Realcube,3580049051293404
Photobug,3583794857990292
Wordify,676776952979751154
Zoomcast,6392347197778705
Cogilith,5602229276418882
Skajo,4911377031225104128
Eazzy,3566737751288520
Bluezoom,3539621528991992
Skyble,201638108261763
Aimbo,3534181027229266
Skyble,561035025718769901
Meejo,3554734967280445
Skinte,3552846298286289
Gigabox,5100139825313459
Babbleblab,3564547248115026
Mydeo,5100139965462272
Bubblemix,5002353060420775
Dazzlesphere,6767689753100122
Layo,5471748860641193
Buzzdog,374622403690604
Edgepulse,490560642860235906
Voonder,3556357355339868
Voonte,6767555633710951265
Leexo,3563885185458160
Rhynoodle,630400512541100339
Wordware,3536941986106138
Twinte,30517558740293
Skimia,564182998863241493
Thoughtmix,5445478353990450
Skinte,3541238455748844
Flipstorm,5602241854549954
Innotype,4405573757272314
Vinte,374283071800858
Yata,3573882501090544
Linkbuzz,374288090258657
Youfeed,6762500847565433
Edgeify,5435699418226869
Twimbo,4017952873392786
Jaxbean,201964938819103
Jaxworks,3574805016565501
Devify,630452957703293090
Jetwire,30228339550015
Flipbug,5565295963273943
Twitterbridge,3560179212067811
Fliptune,3583160019121814
Youtags,5602231349040571564
Meembee,4041594110368524
Zooxo,3550848870309911
Skinte,675901658889866939
Riffwire,3568177021860188
Oyonder,633396669075629404
Yacero,3546418825288086
Devshare,3569542489860328
Gigazoom,3561460740889333
Roombo,5602224817999441
Bubblemix,3573798251347035
Trilia,06049368104991774
Divanoodle,3531565596454649
Oodoo,5002356498972630
JumpXS,4017958729337
Dabfeed,3531801667885118
Zoomlounge,3555356170151566
Youopia,56022118145947038
Agimba,3530722106623459
Fiveclub,670953048589657929
Mybuzz,377320739771068
Feedspan,3557175707664570
Photospace,3558302157035502
Flipopia,4844514848734945
Digitube,3555256559976015
Demivee,5456116368731727
Minyx,4815080888925
Mydeo,633110978853574871
Realcube,3530987282626028
Topicstorm,6304271708878413988
Jaxnation,3583071749587911
Divape,349514397340019
Wordpedia,3535676894251276
Ailane,374622812525763
Vinte,3535022838448795
Quinu,4905213456783239307
Quinu,3584573086788381
Jabbersphere,3561518359710080
Voonte,3574102037728783
Roodel,5100136612196576
Brainverse,3581994236007337
Zoombeat,3582166219743829
Wordtune,5100171977400248
Buzzbean,3556348417091688
Twimm,30384514301888
Vimbo,5452482978242198
Skajo,3537355667127546
Mybuzz,5018159109375009
Shufflester,3579333411017544
Vipe,3539270395991469
Bubbletube,201735552667675
BlogXS,375563153503432
Cogidoo,36071930525232
Camido,3587065093690467
Miboo,3577819545365637
Mudo,06047185238233408
Kwimbee,30070854949671
Photobug,3536688620161652
Tagfeed,6767929153280127617
Skipstorm,493627039923474249
Photobug,3582614541072946
Lazzy,5602234913735477382
Avamm,6385094827399440
Voomm,4903186066306933357
Leenti,5447462909167621
Eamia,490551925770820649
Topiczoom,3574570373074311
Brainsphere,6767690328379023912
Camido,3585756153006840
Vitz,4905454293316433
Rhycero,30420653063358
Kazu,3537215705373322
Skajo,3550749551312705
Jamia,30413346684110
Voonyx,5020328232540029847
Brightbean,3549204621491034
Gabcube,6304120154956508
Shufflester,5300504675721416
Yotz,30350191179962
Edgeclub,5602233738524030
Avaveo,6389906760786380
Blogspan,4936220024625407
Talane,374622657604798
Aibox,5100175410400087
Linktype,3536456312611339
Yotz,3567296290731655
Photolist,5018192782191880
Skiba,30319319748644
Kwilith,30447737697109
Fivespan,6761835322126991
Thoughtsphere,201637691187971
Podcat,3541380061098485
Thoughtstorm,4041590357752
Yabox,6759242277954200
Einti,4405242944293928
Skinte,3573677787533351
Skipstorm,3558006889683410
Gabtune,5602215048233451
Linkbuzz,5602233562444404
Zoonoodle,4844428975739272
Viva,5602219100240057
Yodel,3572841685513680
Thoughtmix,5100146219383535
Roombo,6333677552537615
Brainbox,30294780118488
Twimm,4041370337826
Bubblebox,5481008415530773
Zoomlounge,30135020573638
Avamba,3581253984238549
Kanoodle,4913313940456655
Eimbee,3582159555645047
Jabberbean,6706118417829689489
Rhyloo,5254858515022252
Dabtype,374622080186348
Quamba,6372575888558432
Mybuzz,3553887328933465
Edgewire,4844704053690243
Feedfish,5602223402758380536
Realfire,502086045542005985
Zoozzy,56105195995449307
Cogidoo,3585455790619996
Eabox,5038538334611278
Einti,3533234330302345
Devify,3575219498190433
Browsedrive,4844805852189269
Latz,3582839675541990
Trudoo,670698643028671307
Gigabox,3543621805791457
Fatz,06041614215299484
Skidoo,5007664666694349
Pixope,3539065825105510
Realcube,36151295827686
Camimbo,3579157625916005
Demivee,3557464399554988
Centimia,67069257117579030
Skimia,3578681362308291
Fivechat,3528027552358350
Realblab,677129615880721853
Eamia,3571551993061295
Trudoo,3549757123041078
Gabtune,3553686610165418
Oba,3582585566463725
Lajo,3543096732902511
Jayo,670981401940870614
Abatz,6709912516059883662
Lazz,5610793306101677
Dynabox,3570884574661618
Twitterbeat,6331101824536261971
Jabbersphere,3534682649398207
Skyvu,67621855257615554
Brainverse,30106861378833
Leenti,3534995393166152
Avamm,3586068365000390
Youspan,3551697655924439
Fadeo,30180807554286
Wikibox,5602225912962358
Plambee,3567297626599048
Yodoo,3567598740396389
Aimbo,3547480400839542
Kazio,3568178925577522
Skiba,374288998016256
Meedoo,3536765975753943
Flipbug,371031653146437
Ainyx,30198840040329
Yodel,5100146120815393
Oyoyo,3580278850165410
Edgewire,3553186240746687
Skinix,4142899650496629
Dynabox,3566416108289727
Topicware,5602237094248571
Vinte,6304420862669426624
Quimba,3583886199995508
Youfeed,5048371732488208
Wikivu,30520896046803
Edgepulse,5048376973313387
Tambee,6333541552305243
Thoughtblab,6709133749461535280
Dynazzy,4041590592366
Bubbletube,5602241856084760
Muxo,3587385030598981
Tambee,3535094889885308
Tekfly,5100174211104055
Eire,3574248697122765
Flipstorm,6761066380180718
Yakijo,633313510522383098
Twimm,3563029227526474
Ainyx,5048374321310965
Wikivu,5602232757908850
Meevee,670661784259392081
Rooxo,5575436773478615
Jabbercube,3584824455851478
Feedbug,3536602065307282
Quimm,6304710399817976
Fivespan,5191662660765558
Demivee,4175007675174151
Vitz,3545370690716157
Leexo,67715507525094677
Skiptube,4913103411418080
Layo,3561261296699807
Centimia,3580795373625117
Livefish,3568796662319418
Eire,3571031709865412
Cogidoo,6762676929117882482
Twitterworks,6763170989843118402
Wikizz,6761793221976612
Photospace,6397581266452041
Skibox,633110620661581199
Trilia,3563227280665938
Youspan,3582263304546702
Zoonder,30573360045611
Roombo,3556426134511889
Voomm,5602252451471138
Gabcube,5602254341633489231
Miboo,3540816123959835
Lazz,30302316724586
Brightbean,676118456839083607
Dynabox,3544756055469310
Devcast,5893989027432876168
Abatz,3558038584242101
Vimbo,5108755192926334
Devbug,3583869728593044
Yotz,3562619656716504
Thoughtblab,3539520750264781
Bluezoom,30478306489032
Ainyx,3534603725634976
Edgepulse,3568422934638069
Quaxo,3568704022557990
Cogibox,06047085242489386
Fivespan,5195665944930381
Kimia,67710127257784190
Oloo,374622089612575
Meembee,3569235371594747
Zava,4903285832315375
Aibox,3530248853852547
Linklinks,3550984766099645
Izio,3586911306180161
Tagcat,3567781905774984
Kazu,3580325277596899
Edgewire,3563350966356554
Riffpath,4917369127224056
Meemm,4405110295597256
Midel,6388743498690431
Topicstorm,5048373840342400
Edgepulse,3531398628254104
Rhyloo,5108753160169870
Quatz,3567085855315099
Gigazoom,5602234464909940
Demizz,201809133327701
Twitternation,3570755981768545
Mita,677185016488059336
Avaveo,3544764331025294
Buzzdog,6759423708946998830
Katz,4175001491429246
Flipbug,3571014552349593
Pixonyx,3589954462191660
Edgeify,3581481090458319
Ooba,67632380073538150
Devshare,3573727093443298
Omba,201979483938728
Mynte,6394410322931736
Skyndu,5893103644435845
Vidoo,36705805037845
Trilia,3549016918156538
Livetube,5504062126960525
Thoughtbridge,4936834434193663
Kwideo,6761752864395886
Realbuzz,4405446132584234
Livepath,30454013202646
Thoughtsphere,6706387735428042
Eadel,4041370316509017
Fivebridge,3547990412218816
Cogilith,4508848228251725
Izio,4936045853179931
Flashset,201683127823086
Cogibox,337941626463557
Brainbox,6767652128979062831
Abatz,4026181650588106
Skimia,4405540097346546
Trudoo,6331100839938304220
Eire,376517492352744
Ozu,5472621448861477
Skinder,3547268568158858
Oyoyo,374622587404376
Blogspan,5048372857114843
Shuffledrive,6331108278940018
Brightdog,3585766396287214
Eare,30412322553489
Tagopia,30158793327917
Jaxspan,3562726929446288
Kayveo,3574959510631549
Dabfeed,30392264778122
Quimm,30104584643765
Eabox,3537679129295819
Abata,564182084897637038
Aimbu,6759727563701086633
Realmix,56022488211144988
Miboo,30127724643676
Jaxspan,67096781975531905
Leexo,676267055817263725
Jayo,3541121432979163
Jayo,4481667063117
Ntag,3582283431992132
Gigabox,589392772506039371
Linklinks,201611743873979
Skipstorm,3537192869460676
Vimbo,5602219249981661794
Wikivu,6304973969530029
Leenti,3578337440253054
Ntag,4508340062341150
Mybuzz,3573957293811511
Skimia,4917730873774059
Skalith,5102004729097319
Gabtype,3557312168660348
Photolist,3534901135409272
Bubblebox,56101085331299827
Riffwire,3573334338032778
Yotz,3534853490614584
Geba,5602227933516338
Devpoint,374283630587129
Fivebridge,5610922367745011
Gigaclub,36099270150998
Oyoba,374288196040041
Twimbo,560225583404299882
Katz,3561158933414683
Voomm,3540677779899240
Voomm,676346530772669830
Twiyo,3588633762894113
Oyoba,5249433227886523
Eire,3587413730559846
Skippad,6761209766416463368
Wordtune,5602226121159513
Yacero,3578851535908430
Quinu,6709411146796420176
Cogidoo,3563104249881130
Shufflester,3570557044474180
Zazio,6304009965187454
Mycat,3533176794537447
Tazzy,201473689842538
Bluejam,50180253865561114
Jaxworks,3587292751364249
Teklist,5161574506268059
Avaveo,5548866497019721
Vidoo,50184558285016713
Flashspan,67590647673962448
Feedbug,36154432455262
Skipstorm,5602240976973126
DabZ,676177835053796044
Livetube,4175008339229159
Flashspan,3578136585507468
Wordify,4917948456475668
Flipbug,6304639391090938
Photobean,3532009577677885
Podcat,5594348157386404
Aimbo,5610432332523022
Jaxworks,5007661999098669
Tagchat,3529729609050133
Chatterpoint,5108751404461954
Feedspan,4903196983986346
Jayo,3581496656172690
Skiba,5602225831138874
Realcube,5602249894215791
Feedfire,337941971784300
BlogXS,4175001778941806
Centizu,5038880044261079345
Skyvu,201689804799143
Rhynoodle,5602232924746084
Meetz,3538990571514006
Eabox,3568784385755530
Skiba,5010125328523230
Fadeo,3558324854549577
Edgewire,06043369825893030
Thoughtstorm,374288421348763
Youspan,3587573593650014
Skyvu,4936840653375568
Viva,3564361739626925
Demivee,201524355015039
Mybuzz,50203180298449877
Trilith,30567531241422
Fliptune,50184964132182999
Digitube,30433155146761
Kwinu,3563535252013048
Divavu,6334040290206432
Voonte,372301280831217
Zava,6767861995136020
Geba,5893825252125140
Yodoo,201836822994723
Oodoo,630404478202239277
Eazzy,490330471008816487
InnoZ,3531221088061431
Twitterworks,5010121326208627
Meevee,5002351551029121
Thoughtbeat,3551299813953457
Lazz,3581592103510662
Blognation,6767754043378498824
Devpoint,3563089361450378
Twitterwire,6304472210070905330
Trilia,3545331447833174
Dabjam,374283558149597
Wikido,3577783958793372
Fivebridge,3537620544391353
Skinte,3543080218737955
Bubblemix,36911331002903
Edgeblab,3589570717377993
Yotz,3545939461269065
Voonder,3531105354091836
Mymm,3562151614235591
Brainverse,501844653118497349
Blogpad,4660470216679
Pixonyx,501803182873523387
Zooveo,6709738108195528476
Wikizz,3586369266699672
Dynabox,3571458927479645
Zoomcast,3589310194578627
Kare,3539696096038434
Oozz,3554342628946048
Roombo,6385979545383090
Jaxbean,6304780516108641
Youfeed,3531518416834755
Fanoodle,3566738425882623
Voomm,3584322632682478
Aimbo,3532172741199697
Yakitri,3548329327768566
Rooxo,3544552861639430
Photobean,372301708202124
Twiyo,6304243882531391
Demimbu,3537908629293853
Divavu,3553456527465024
Oyoyo,5602231885464852824
Skynoodle,3552532352214371
Fiveclub,3569769857018912
Thoughtbridge,3571523036940223
Dazzlesphere,67595430234785227
Riffpath,3545281023707153
Skipfire,3579684878360037
Zooxo,374288478118473
Plajo,6304192729668110085
Zoomcast,4041596766634
Meembee,5602252511228361
Brainlounge,4936053760455121
Aimbu,3554732997695962
Fivebridge,5010123356093184
Geba,5100145132668907
Skyble,3565634437237826
InnoZ,5893182333296593
Skippad,6767666497666519
Brightbean,67712675421186997
Rooxo,5602244006899558
Feedfish,491146527890659483
Miboo,201746209377428
Youspan,4405361151376984
Trilith,3564406448773375
Snaptags,4913768680657038
Devbug,3564806601977855
Rhyloo,3582550189553047
Demizz,201564389818065
Trilith,5268655097650821
Voomm,4175007064961887
Skiba,3550159985832502
Jayo,3554562310103117
Thoughtmix,3549013930206714
Edgepulse,3530405161716067
Gabtype,3560779238273135
Eabox,5007661796526979
Snaptags,3586213710628558
Skajo,30193974406966
Gabspot,56104386504466111
Leenti,5641822455465006
Latz,3565805329705761
Pixoboo,3584204049983378
Devpoint,3585980027933407
Agivu,564182347600670749
Mymm,6333404466174637
Twitterworks,3548677851681104
Jabbercube,5602234732749722272
